{
  "centralised": {
    "f1": 0.9933774834437086,
    "accuracy": 0.996,
    "precision": 0.9868421052631579,
    "recall": 1.0,
    "training_time": 0
  },
  "fedavg": {
    "f1": 0.9917355371900827,
    "accuracy": 0.995,
    "precision": 0.9836065573770492,
    "recall": 1.0,
    "training_time": 2.4859330654144287
  },
  "krum": {
    "f1": 0.9486166007905138,
    "accuracy": 0.9675,
    "precision": 0.9022556390977443,
    "recall": 1.0,
    "training_time": 2.5204551219940186
  },
  "median": {
    "f1": 0.995850622406639,
    "accuracy": 0.9975,
    "precision": 0.9917355371900827,
    "recall": 1.0,
    "training_time": 2.5484507083892822
  },
  "dp_tradeoff": {
    "epsilons": [
      0.1,
      0.5,
      1.0,
      2.0,
      5.0,
      10.0
    ],
    "f1_scores": [
      0.548235294117647,
      0.08888888888888889,
      0.7520325203252033,
      0.9593073593073593,
      0.9966777408637874,
      0.9991673605328892
    ]
  }
}