{
  "graphsage_2layer": {
    "f1": 1.0,
    "accuracy": 1.0,
    "precision": 1.0,
    "recall": 1.0,
    "auc_roc": 1.0,
    "training_time": 0.47995805740356445
  },
  "graphsage_3layer": {
    "f1": 0.9966777408637874,
    "accuracy": 0.9986666666666667,
    "precision": 0.9933774834437086,
    "recall": 1.0,
    "auc_roc": 1.0,
    "training_time": 0.4908790588378906
  },
  "random_forest": {
    "f1": 1.0,
    "accuracy": 1.0,
    "precision": 1.0,
    "recall": 1.0,
    "auc_roc": 1.0,
    "training_time": 0.25432801246643066
  },
  "xgboost": {
    "f1": 1.0,
    "accuracy": 1.0,
    "precision": 1.0,
    "recall": 1.0,
    "auc_roc": 1.0,
    "training_time": 0.06396913528442383
  },
  "mlp": {
    "f1": 1.0,
    "accuracy": 1.0,
    "precision": 1.0,
    "recall": 1.0,
    "auc_roc": 1.0,
    "training_time": 0.08684182167053223
  }
}