{
  "centralised": {
    "f1": 0.990916597853014,
    "accuracy": 0.9945,
    "precision": 0.9819967266775778,
    "recall": 1.0,
    "training_time": 0
  },
  "fedavg": {
    "f1": 0.9983361064891847,
    "accuracy": 0.999,
    "precision": 0.9966777408637874,
    "recall": 1.0,
    "training_time": 5.507441759109497
  },
  "krum": {
    "f1": 0.9669621273166801,
    "accuracy": 0.9795,
    "precision": 0.9360374414976599,
    "recall": 1.0,
    "training_time": 5.470039129257202
  },
  "median": {
    "f1": 0.9966777408637874,
    "accuracy": 0.998,
    "precision": 0.9933774834437086,
    "recall": 1.0,
    "training_time": 4.946345090866089
  },
  "dp_tradeoff": {
    "epsilons": [
      0.1,
      0.5,
      1.0,
      2.0,
      5.0,
      10.0
    ],
    "f1_scores": [
      0.5519848771266541,
      0.5819209039548022,
      0.9827727645611156,
      0.9375,
      0.9974979149291076,
      0.9991673605328892
    ]
  }
}