{
  "Random Forest": {
    "f1_macro": 0.8634785031307717,
    "accuracy": 0.8609523809523809,
    "precision": 0.9167584693352785,
    "recall": 0.8609523809523809,
    "train_time": 0.1878049373626709
  },
  "CNN": {
    "f1_macro": 0.8224798481691009,
    "accuracy": 0.8257142857142857,
    "precision": 0.8814146122363977,
    "recall": 0.8257142857142857,
    "train_time": 29.805444955825806
  },
  "LSTM": {
    "f1_macro": 0.7224337750092941,
    "accuracy": 0.7523809523809524,
    "precision": 0.7931836071273087,
    "recall": 0.7523809523809524,
    "train_time": 25.476099014282227
  },
  "CNN-LSTM-Attn": {
    "f1_macro": 0.8297923338648101,
    "accuracy": 0.8304761904761905,
    "precision": 0.8856474930911383,
    "recall": 0.8304761904761905,
    "train_time": 82.2291898727417
  },
  "latencies": {
    "CNN": 0.6047441959381104,
    "LSTM": 0.4772488117218017,
    "CNN-LSTM-Attn": 0.7258504390716553
  }
}