{
  "Random Forest": {
    "f1_macro": 0.8954143276915525,
    "accuracy": 0.8961904761904762,
    "precision": 0.8962497414597923,
    "recall": 0.8961904761904762,
    "train_time": 0.519578218460083
  },
  "CNN": {
    "f1_macro": 0.6616990192978588,
    "accuracy": 0.6666666666666666,
    "precision": 0.663308203634082,
    "recall": 0.6666666666666667,
    "train_time": 16.944849967956543
  },
  "LSTM": {
    "f1_macro": 0.6934375889689601,
    "accuracy": 0.6914285714285714,
    "precision": 0.6980282836614143,
    "recall": 0.6914285714285715,
    "train_time": 15.568376064300537
  },
  "CNN-LSTM-Attn": {
    "f1_macro": 0.8374873279393904,
    "accuracy": 0.839047619047619,
    "precision": 0.8388438552310021,
    "recall": 0.839047619047619,
    "train_time": 30.668277978897095
  },
  "latencies": {
    "CNN": 0.11580801010131836,
    "LSTM": 0.06841840744018554,
    "CNN-LSTM-Attn": 0.14174137115478516
  }
}