modality,mean_abs_lime,total_abs_lime,n_features,normalized_importance
text,0.025223567693244964,0.5044713538648993,20,0.5985841288297437
temporal,0.0983819572760072,0.491909786380036,5,2.3347164407830747
url,0.04784739832771872,0.4784739832771872,10,1.135473521948975
