model,accuracy,precision,recall,f1,auc_roc
RF-text,0.99,0.9899497487437185,0.985,0.9874686716791979,0.9988125
RF-url,0.997,0.9974937343358395,0.995,0.9962453066332916,0.9998458333333333
RF-temporal,0.999,1.0,0.9975,0.9987484355444305,1.0
LateFusion-RF,1.0,1.0,1.0,1.0,1.0
LateFusion-XGB,0.999,1.0,0.9975,0.9987484355444305,1.0
LateFusion-LGBM,1.0,1.0,1.0,1.0,1.0
ProbFusion-Avg,1.0,1.0,1.0,1.0,1.0
