modality,mean_abs_shap,total_abs_shap,n_features,normalized_importance
temporal,1.1065278,5.532639,5,4.1653123
url,0.32749277,3.2749276,10,1.2327839
text,0.024514386,0.49028775,20,0.092279725
