{
  "10": {
    "DQN": {
      "episode_rewards": [
        11.600000000000001,
        11.500000000000004,
        11.400000000000002,
        10.3,
        10.600000000000001,
        10.8,
        11.2,
        10.900000000000006,
        11.100000000000001,
        10.599999999999998,
        11.800000000000002,
        11.700000000000003,
        11.400000000000002,
        11.700000000000003,
        10.800000000000006,
        11.400000000000004,
        10.000000000000002,
        11.2,
        11.700000000000003,
        11.3
      ],
      "episode_lengths": [
        24,
        25,
        26,
        37,
        34,
        32,
        28,
        31,
        29,
        34,
        22,
        23,
        26,
        23,
        32,
        26,
        40,
        28,
        23,
        27
      ],
      "success_flags": [
        true,
        true,
        true,
        true,
        true,
        true,
        true,
        true,
        true,
        true,
        true,
        true,
        true,
        true,
        true,
        true,
        true,
        true,
        true,
        true
      ],
      "compromise_ratios": [
        1.0,
        1.0,
        1.0,
        1.0,
        1.0,
        1.0,
        1.0,
        1.0,
        1.0,
        1.0,
        1.0,
        1.0,
        1.0,
        1.0,
        1.0,
        1.0,
        1.0,
        1.0,
        1.0,
        1.0
      ],
      "losses": [],
      "wall_times": []
    },
    "PPO": {
      "episode_rewards": [
        11.700000000000001,
        11.900000000000002,
        11.400000000000002,
        11.200000000000001,
        11.0,
        11.600000000000001,
        11.800000000000002,
        12.100000000000001,
        10.8,
        10.399999999999999,
        11.600000000000001,
        11.0,
        11.400000000000002,
        10.700000000000003,
        11.100000000000001,
        11.0,
        11.500000000000004,
        11.000000000000004,
        11.500000000000002,
        11.600000000000001
      ],
      "episode_lengths": [
        23,
        21,
        26,
        28,
        30,
        24,
        22,
        19,
        32,
        36,
        24,
        30,
        26,
        33,
        29,
        30,
        25,
        30,
        25,
        24
      ],
      "success_flags": [
        true,
        true,
        true,
        true,
        true,
        true,
        true,
        true,
        true,
        true,
        true,
        true,
        true,
        true,
        true,
        true,
        true,
        true,
        true,
        true
      ],
      "compromise_ratios": [
        1.0,
        1.0,
        1.0,
        1.0,
        1.0,
        1.0,
        1.0,
        1.0,
        1.0,
        1.0,
        1.0,
        1.0,
        1.0,
        1.0,
        1.0,
        1.0,
        1.0,
        1.0,
        1.0,
        1.0
      ],
      "losses": [],
      "wall_times": []
    }
  },
  "20": {
    "DQN": {
      "episode_rewards": [
        13.000000000000007,
        13.900000000000013,
        9.799999999999997,
        13.400000000000002,
        11.8,
        15.600000000000005,
        15.300000000000004,
        16.500000000000014,
        14.000000000000014,
        11.799999999999997,
        16.70000000000001,
        15.700000000000012,
        17.900000000000013,
        13.80000000000001,
        12.200000000000003,
        11.300000000000004,
        14.000000000000005,
        15.900000000000002,
        15.600000000000001,
        9.599999999999994
      ],
      "episode_lengths": [
        110,
        101,
        142,
        106,
        122,
        84,
        87,
        75,
        100,
        122,
        73,
        83,
        61,
        102,
        118,
        127,
        100,
        81,
        84,
        144
      ],
      "success_flags": [
        true,
        true,
        true,
        true,
        true,
        true,
        true,
        true,
        true,
        true,
        true,
        true,
        true,
        true,
        true,
        true,
        true,
        true,
        true,
        true
      ],
      "compromise_ratios": [
        1.0,
        1.0,
        1.0,
        1.0,
        1.0,
        1.0,
        1.0,
        1.0,
        1.0,
        1.0,
        1.0,
        1.0,
        1.0,
        1.0,
        1.0,
        1.0,
        1.0,
        1.0,
        1.0,
        1.0
      ],
      "losses": [],
      "wall_times": []
    },
    "PPO": {
      "episode_rewards": [
        13.000000000000028,
        15.000000000000021,
        13.300000000000026,
        14.300000000000018,
        14.300000000000026,
        14.600000000000021,
        16.800000000000015,
        13.70000000000002,
        13.800000000000026,
        14.300000000000022,
        14.800000000000022,
        16.400000000000016,
        15.000000000000021,
        16.40000000000002,
        12.90000000000003,
        15.900000000000018,
        15.50000000000002,
        11.700000000000028,
        10.800000000000015,
        13.900000000000022
      ],
      "episode_lengths": [
        110,
        90,
        107,
        97,
        97,
        94,
        72,
        103,
        102,
        97,
        92,
        76,
        90,
        76,
        111,
        81,
        85,
        123,
        132,
        101
      ],
      "success_flags": [
        true,
        true,
        true,
        true,
        true,
        true,
        true,
        true,
        true,
        true,
        true,
        true,
        true,
        true,
        true,
        true,
        true,
        true,
        true,
        true
      ],
      "compromise_ratios": [
        1.0,
        1.0,
        1.0,
        1.0,
        1.0,
        1.0,
        1.0,
        1.0,
        1.0,
        1.0,
        1.0,
        1.0,
        1.0,
        1.0,
        1.0,
        1.0,
        1.0,
        1.0,
        1.0,
        1.0
      ],
      "losses": [],
      "wall_times": []
    }
  }
}