{
  "DQN": {
    "sizes": [
      10,
      20
    ],
    "success_rates": [
      1.0,
      1.0
    ],
    "mean_rewards": [
      11.15,
      13.890000000000004
    ],
    "mean_compromise": [
      100.0,
      100.0
    ]
  },
  "PPO": {
    "sizes": [
      10,
      20
    ],
    "success_rates": [
      1.0,
      1.0
    ],
    "mean_rewards": [
      11.315000000000001,
      14.320000000000022
    ],
    "mean_compromise": [
      100.0,
      100.0
    ]
  }
}