{
  "DQN_train": {
    "episode_rewards": [
      6.5,
      11.200000000000003,
      8.799999999999997,
      9.399999999999999,
      11.3,
      7.599999999999997,
      7.900000000000002,
      7.099999999999996,
      8.999999999999998,
      9.000000000000007,
      9.500000000000004,
      10.2,
      10.500000000000002,
      9.7,
      10.200000000000001,
      10.100000000000005,
      7.9999999999999964,
      8.899999999999999,
      9.2,
      9.600000000000005,
      3.299999999999996,
      10.500000000000004,
      8.200000000000005,
      8.699999999999998,
      11.500000000000002,
      10.7,
      10.100000000000005,
      7.599999999999996,
      6.3,
      8.000000000000002,
      10.900000000000006,
      10.800000000000002,
      10.2,
      7.1000000000000005,
      10.399999999999999,
      10.5,
      7.400000000000004,
      10.500000000000004,
      6.399999999999999,
      8.799999999999997,
      10.600000000000001,
      7.299999999999999,
      10.600000000000001,
      8.8,
      10.900000000000002,
      6.999999999999996,
      8.000000000000004,
      11.2,
      8.9,
      5.700000000000004,
      8.700000000000001,
      8.5,
      9.7,
      9.500000000000004,
      10.8,
      9.5,
      8.7,
      10.700000000000001,
      7.599999999999996,
      8.899999999999997,
      9.700000000000006,
      3.4000000000000004,
      9.599999999999998,
      9.700000000000003,
      9.200000000000001,
      8.799999999999999,
      10.3,
      10.600000000000005,
      7.099999999999999,
      6.799999999999996,
      10.200000000000001,
      8.500000000000004,
      8.6,
      6.899999999999999,
      10.799999999999999,
      8.7,
      10.1,
      8.899999999999999,
      7.799999999999998,
      9.400000000000004,
      9.6,
      7.899999999999999,
      7.099999999999996,
      10.7,
      10.600000000000005,
      10.2,
      7.799999999999995,
      7.1000000000000005,
      6.8,
      10.100000000000005,
      10.1,
      10.0,
      11.000000000000004,
      10.400000000000002,
      11.400000000000004,
      10.099999999999998,
      6.8,
      3.9000000000000004,
      10.599999999999998,
      7.599999999999997
    ],
    "episode_lengths": [
      75,
      28,
      52,
      46,
      27,
      64,
      61,
      69,
      50,
      50,
      45,
      38,
      35,
      43,
      38,
      39,
      60,
      51,
      48,
      44,
      107,
      35,
      58,
      53,
      25,
      33,
      39,
      64,
      77,
      60,
      31,
      32,
      38,
      69,
      36,
      35,
      66,
      35,
      76,
      52,
      34,
      67,
      34,
      52,
      31,
      70,
      60,
      28,
      51,
      83,
      53,
      55,
      43,
      45,
      32,
      45,
      53,
      33,
      64,
      51,
      43,
      106,
      44,
      43,
      48,
      52,
      37,
      34,
      69,
      72,
      38,
      55,
      54,
      71,
      32,
      53,
      39,
      51,
      62,
      46,
      44,
      61,
      69,
      33,
      34,
      38,
      62,
      69,
      72,
      39,
      39,
      40,
      30,
      36,
      26,
      39,
      72,
      101,
      34,
      64
    ],
    "success_flags": [
      true,
      true,
      true,
      true,
      true,
      true,
      true,
      true,
      true,
      true,
      true,
      true,
      true,
      true,
      true,
      true,
      true,
      true,
      true,
      true,
      true,
      true,
      true,
      true,
      true,
      true,
      true,
      true,
      true,
      true,
      true,
      true,
      true,
      true,
      true,
      true,
      true,
      true,
      true,
      true,
      true,
      true,
      true,
      true,
      true,
      true,
      true,
      true,
      true,
      true,
      true,
      true,
      true,
      true,
      true,
      true,
      true,
      true,
      true,
      true,
      true,
      true,
      true,
      true,
      true,
      true,
      true,
      true,
      true,
      true,
      true,
      true,
      true,
      true,
      true,
      true,
      true,
      true,
      true,
      true,
      true,
      true,
      true,
      true,
      true,
      true,
      true,
      true,
      true,
      true,
      true,
      true,
      true,
      true,
      true,
      true,
      true,
      true,
      true,
      true
    ],
    "compromise_ratios": [
      1.0,
      1.0,
      1.0,
      1.0,
      1.0,
      1.0,
      1.0,
      1.0,
      1.0,
      1.0,
      1.0,
      1.0,
      1.0,
      1.0,
      1.0,
      1.0,
      1.0,
      1.0,
      1.0,
      1.0,
      1.0,
      1.0,
      1.0,
      1.0,
      1.0,
      1.0,
      1.0,
      1.0,
      1.0,
      1.0,
      1.0,
      1.0,
      1.0,
      1.0,
      1.0,
      1.0,
      1.0,
      1.0,
      1.0,
      1.0,
      1.0,
      1.0,
      1.0,
      1.0,
      1.0,
      1.0,
      1.0,
      1.0,
      1.0,
      1.0,
      1.0,
      1.0,
      1.0,
      1.0,
      1.0,
      1.0,
      1.0,
      1.0,
      1.0,
      1.0,
      1.0,
      1.0,
      1.0,
      1.0,
      1.0,
      1.0,
      1.0,
      1.0,
      1.0,
      1.0,
      1.0,
      1.0,
      1.0,
      1.0,
      1.0,
      1.0,
      1.0,
      1.0,
      1.0,
      1.0,
      1.0,
      1.0,
      1.0,
      1.0,
      1.0,
      1.0,
      1.0,
      1.0,
      1.0,
      1.0,
      1.0,
      1.0,
      1.0,
      1.0,
      1.0,
      1.0,
      1.0,
      1.0,
      1.0,
      1.0
    ],
    "losses": [],