{
  "No Defence": {
    "clean_f1": 1.0,
    "fgsm_f1": 0.9893617021276596,
    "pgd_f1": 0.9893617021276596
  },
  "Adversarial Training": {
    "clean_f1": 1.0,
    "fgsm_f1": 0.9986684420772304,
    "pgd_f1": 0.9986684420772304
  },
  "Input Transform": {
    "clean_f1": 0.9986684420772304,
    "fgsm_f1": 0.9906790945406125,
    "pgd_f1": 0.9893617021276596
  },
  "Ensemble": {
    "clean_f1": 1.0,
    "fgsm_f1": 0.9946808510638298,
    "pgd_f1": 0.9946808510638298
  },
  "Smoothing": {
    "clean_f1": 1.0,
    "fgsm_f1": 0.9906790945406125,
    "pgd_f1": 0.9906790945406125
  },
  "epsilon_analysis": {
    "epsilons": [
      0.01,
      0.05,
      0.1,
      0.2,
      0.3,
      0.5
    ],
    "results": {
      "Standard": [
        0.9986684420772304,
        0.9973404255319149,
        0.9893617021276596,
        0.8853333333333333,
        0.6485013623978202,
        0.09322033898305085
      ],
      "Adv Training": [
        1.0,
        1.0,
        0.9986684420772304,
        0.963855421686747,
        0.8594594594594595,
        0.5274725274725275
      ],
      "Smoothing": [
        0.9986684420772304,
        0.9973404255319149,
        0.9906790945406125,
        0.8841544607190412,
        0.6466575716234653,
        0.09590973201692525
      ]
    }
  },
  "latencies": {
    "Standard": 0.018326759338378906,
    "Adv Training": 0.018739938735961914,
    "Input Transform": 0.019721269607543945,
    "Ensemble": 0.007022857666015625,
    "Smoothing": 0.06719207763671875
  }
}