{
  "Random Forest": {
    "f1_macro": 0.8954143276915525,
    "accuracy": 0.8961904761904762,
    "precision": 0.8962497414597923,
    "recall": 0.8961904761904762,
    "train_time": 0.47786402702331543
  },
  "CNN": {
    "f1_macro": 0.672741061840369,
    "accuracy": 0.6752380952380952,
    "precision": 0.6738112890930605,
    "recall": 0.6752380952380952,
    "train_time": 23.72858214378357
  },
  "LSTM": {
    "f1_macro": 0.7032796644703087,
    "accuracy": 0.7019047619047619,
    "precision": 0.7070477095882357,
    "recall": 0.701904761904762,
    "train_time": 20.343579053878784
  },
  "CNN-LSTM-Attn": {
    "f1_macro": 0.8349338499591932,
    "accuracy": 0.8342857142857143,
    "precision": 0.8385962424573716,
    "recall": 0.8342857142857143,
    "train_time": 40.07679319381714
  },
  "latencies": {
    "CNN": 0.07878384590148926,
    "LSTM": 0.05943460464477539,
    "CNN-LSTM-Attn": 0.11243782043457032
  }
}