{
  "No Defence": {
    "clean_f1": 1.0,
    "fgsm_f1": 0.9908256880733946,
    "pgd_f1": 0.9908256880733946
  },
  "Adversarial Training": {
    "clean_f1": 1.0,
    "fgsm_f1": 0.9950083194675541,
    "pgd_f1": 0.9950083194675541
  },
  "Input Transform": {
    "clean_f1": 1.0,
    "fgsm_f1": 0.99,
    "pgd_f1": 0.989983305509182
  },
  "Ensemble": {
    "clean_f1": 1.0,
    "fgsm_f1": 0.9891213389121339,
    "pgd_f1": 0.9891213389121339
  },
  "Smoothing": {
    "clean_f1": 1.0,
    "fgsm_f1": 0.99,
    "pgd_f1": 0.9908256880733946
  },
  "epsilon_analysis": {
    "epsilons": [
      0.01,
      0.05,
      0.1,
      0.2,
      0.3,
      0.5
    ],
    "results": {
      "Standard": [
        0.9991673605328892,
        0.9958298582151793,
        0.9908256880733946,
        0.9111842105263158,
        0.7716150081566069,
        0.36087945413191813
      ],
      "Adv Training": [
        1.0,
        0.9991673605328892,
        0.9950083194675541,
        0.9638351555929352,
        0.8916876574307305,
        0.7081581160639192
      ],
      "Smoothing": [
        0.9991673605328892,
        0.9966666666666667,
        0.99,
        0.9101401483924155,
        0.7748776508972267,
        0.3611532625189681
      ]
    }
  },
  "latencies": {
    "Standard": 0.01961994171142578,
    "Adv Training": 0.01824474334716797,
    "Input Transform": 0.019671916961669922,
    "Ensemble": 0.007002830505371094,
    "Smoothing": 0.0661935806274414
  }
}